[{"model": "admin.logentry", "pk": 1, "fields": {"action_time": "2022-05-07T10:47:28.904Z", "user": 1, "content_type": 7, "object_id": "1", "object_repr": "reefgardens.example.com", "action_flag": 2, "change_message": "[{\"changed\": {\"fields\": [\"Domain name\", \"Display name\"]}}]"}}, {"model": "admin.logentry", "pk": 2, "fields": {"action_time": "2022-05-07T10:58:25.988Z", "user": 1, "content_type": 8, "object_id": "1", "object_repr": "admin@someone.com", "action_flag": 1, "change_message": "[{\"added\": {}}]"}}, {"model": "admin.logentry", "pk": 3, "fields": {"action_time": "2022-05-11T18:37:21.768Z", "user": 1, "content_type": 13, "object_id": "1", "object_repr": "Fish", "action_flag": 1, "change_message": "[{\"added\": {}}]"}}, {"model": "admin.logentry", "pk": 4, "fields": {"action_time": "2022-05-11T18:37:27.874Z", "user": 1, "content_type": 13, "object_id": "2", "object_repr": "Coral", "action_flag": 1, "change_message": "[{\"added\": {}}]"}}, {"model": "admin.logentry", "pk": 5, "fields": {"action_time": "2022-05-11T18:39:25.496Z", "user": 1, "content_type": 14, "object_id": "1", "object_repr": "Clown Fish", "action_flag": 1, "change_message": "[{\"added\": {}}]"}}, {"model": "admin.logentry", "pk": 6, "fields": {"action_time": "2022-05-11T18:40:39.039Z", "user": 1, "content_type": 14, "object_id": "2", "object_repr": "Bangi Cardinalfish", "action_flag": 1, "change_message": "[{\"added\": {}}]"}}, {"model": "admin.logentry", "pk": 7, "fields": {"action_time": "2022-05-11T18:41:45.464Z", "user": 1, "content_type": 14, "object_id": "1", "object_repr": "Clown Fish", "action_flag": 2, "change_message": "[{\"changed\": {\"fields\": [\"Description\"]}}]"}}, {"model": "admin.logentry", "pk": 8, "fields": {"action_time": "2022-05-11T18:42:12.042Z", "user": 1, "content_type": 14, "object_id": "2", "object_repr": "Bangi Cardinalfish", "action_flag": 2, "change_message": "[{\"changed\": {\"fields\": [\"Description\"]}}]"}}, {"model": "admin.logentry", "pk": 9, "fields": {"action_time": "2022-05-12T18:36:19.749Z", "user": 1, "content_type": 14, "object_id": "3", "object_repr": "Acan Coral", "action_flag": 1, "change_message": "[{\"added\": {}}]"}}, {"model": "admin.logentry", "pk": 10, "fields": {"action_time": "2022-05-12T18:37:08.050Z", "user": 1, "content_type": 14, "object_id": "4", "object_repr": "Clove Coloured", "action_flag": 1, "change_message": "[{\"added\": {}}]"}}, {"model": "admin.logentry", "pk": 11, "fields": {"action_time": "2022-05-12T18:45:21.429Z", "user": 1, "content_type": 14, "object_id": "1", "object_repr": "Clown Fish", "action_flag": 2, "change_message": "[{\"changed\": {\"fields\": [\"Category\"]}}]"}}, {"model": "admin.logentry", "pk": 12, "fields": {"action_time": "2022-05-25T15:49:27.066Z", "user": 1, "content_type": 14, "object_id": "5", "object_repr": "Blue Green Chromis", "action_flag": 1, "change_message": "[{\"added\": {}}]"}}, {"model": "admin.logentry", "pk": 13, "fields": {"action_time": "2022-05-25T15:49:50.631Z", "user": 1, "content_type": 14, "object_id": "5", "object_repr": "Blue Green Chromis", "action_flag": 2, "change_message": "[{\"changed\": {\"fields\": [\"Image\"]}}]"}}, {"model": "admin.logentry", "pk": 14, "fields": {"action_time": "2022-05-25T15:50:42.065Z", "user": 1, "content_type": 14, "object_id": "6", "object_repr": "Coral Beauty", "action_flag": 1, "change_message": "[{\"added\": {}}]"}}, {"model": "admin.logentry", "pk": 15, "fields": {"action_time": "2022-05-25T15:51:16.246Z", "user": 1, "content_type": 14, "object_id": "7", "object_repr": "firefish", "action_flag": 1, "change_message": "[{\"added\": {}}]"}}, {"model": "admin.logentry", "pk": 16, "fields": {"action_time": "2022-05-25T15:52:10.905Z", "user": 1, "content_type": 14, "object_id": "8", "object_repr": "Foxface fish", "action_flag": 1, "change_message": "[{\"added\": {}}]"}}, {"model": "admin.logentry", "pk": 17, "fields": {"action_time": "2022-05-25T15:52:57.185Z", "user": 1, "content_type": 14, "object_id": "9", "object_repr": "Orange Cheek Blenny", "action_flag": 1, "change_message": "[{\"added\": {}}]"}}, {"model": "admin.logentry", "pk": 18, "fields": {"action_time": "2022-05-25T15:53:28.175Z", "user": 1, "content_type": 14, "object_id": "10", "object_repr": "Powder blue tang", "action_flag": 1, "change_message": "[{\"added\": {}}]"}}, {"model": "admin.logentry", "pk": 19, "fields": {"action_time": "2022-05-25T15:53:58.263Z", "user": 1, "content_type": 14, "object_id": "11", "object_repr": "Purple Tang", "action_flag": 1, "change_message": "[{\"added\": {}}]"}}, {"model": "admin.logentry", "pk": 20, "fields": {"action_time": "2022-05-25T15:54:26.185Z", "user": 1, "content_type": 14, "object_id": "12", "object_repr": "Royal Gramma", "action_flag": 1, "change_message": "[{\"added\": {}}]"}}, {"model": "admin.logentry", "pk": 21, "fields": {"action_time": "2022-05-25T15:55:25.966Z", "user": 1, "content_type": 14, "object_id": "13", "object_repr": "Birdsnest Coral", "action_flag": 1, "change_message": "[{\"added\": {}}]"}}, {"model": "admin.logentry", "pk": 22, "fields": {"action_time": "2022-05-25T15:55:56.735Z", "user": 1, "content_type": 14, "object_id": "14", "object_repr": "Chilli Coral", "action_flag": 1, "change_message": "[{\"added\": {}}]"}}, {"model": "admin.logentry", "pk": 23, "fields": {"action_time": "2022-05-25T15:56:28.783Z", "user": 1, "content_type": 14, "object_id": "15", "object_repr": "Lace Coral", "action_flag": 1, "change_message": "[{\"added\": {}}]"}}, {"model": "admin.logentry", "pk": 24, "fields": {"action_time": "2022-05-25T15:57:04.638Z", "user": 1, "content_type": 14, "object_id": "16", "object_repr": "Montipora Coral Plating", "action_flag": 1, "change_message": "[{\"added\": {}}]"}}, {"model": "admin.logentry", "pk": 25, "fields": {"action_time": "2022-05-25T15:57:44.331Z", "user": 1, "content_type": 14, "object_id": "17", "object_repr": "Sun Coral", "action_flag": 1, "change_message": "[{\"added\": {}}]"}}, {"model": "admin.logentry", "pk": 26, "fields": {"action_time": "2022-05-25T15:58:22.277Z", "user": 1, "content_type": 14, "object_id": "18", "object_repr": "Yellow Polyps", "action_flag": 1, "change_message": "[{\"added\": {}}]"}}, {"model": "admin.logentry", "pk": 27, "fields": {"action_time": "2022-05-25T15:59:31.804Z", "user": 1, "content_type": 14, "object_id": "19", "object_repr": "Zoanthus Coloured", "action_flag": 1, "change_message": "[{\"added\": {}}]"}}, {"model": "admin.logentry", "pk": 28, "fields": {"action_time": "2022-05-25T16:02:01.791Z", "user": 1, "content_type": 14, "object_id": "20", "object_repr": "Pom Pom Xenia", "action_flag": 1, "change_message": "[{\"added\": {}}]"}}, {"model": "admin.logentry", "pk": 29, "fields": {"action_time": "2022-05-25T18:36:58.382Z", "user": 1, "content_type": 15, "object_id": "1", "object_repr": "7E3A6631DF42467C84BE59DEBE3A33FF", "action_flag": 2, "change_message": "[{\"deleted\": {\"name\": \"order line item\", \"object\": \"SKU clown-fish on order 7E3A6631DF42467C84BE59DEBE3A33FF\"}}]"}}, {"model": "admin.logentry", "pk": 30, "fields": {"action_time": "2022-05-25T18:37:54.728Z", "user": 1, "content_type": 15, "object_id": "1", "object_repr": "7E3A6631DF42467C84BE59DEBE3A33FF", "action_flag": 2, "change_message": "[{\"deleted\": {\"name\": \"order line item\", \"object\": \"SKU bangi-cardinalfish on order 7E3A6631DF42467C84BE59DEBE3A33FF\"}}]"}}, {"model": "admin.logentry", "pk": 31, "fields": {"action_time": "2022-05-25T18:38:03.252Z", "user": 1, "content_type": 15, "object_id": "1", "object_repr": "7E3A6631DF42467C84BE59DEBE3A33FF", "action_flag": 3, "change_message": ""}}, {"model": "admin.logentry", "pk": 32, "fields": {"action_time": "2022-05-25T18:42:10.992Z", "user": 1, "content_type": 15, "object_id": "2", "object_repr": "818795DCF089466AACE7C06790D4FCB5", "action_flag": 2, "change_message": "[{\"deleted\": {\"name\": \"order line item\", \"object\": \"SKU clown-fish on order 818795DCF089466AACE7C06790D4FCB5\"}}]"}}, {"model": "admin.logentry", "pk": 33, "fields": {"action_time": "2022-05-25T18:42:22.825Z", "user": 1, "content_type": 15, "object_id": "2", "object_repr": "818795DCF089466AACE7C06790D4FCB5", "action_flag": 3, "change_message": ""}}, {"model": "admin.logentry", "pk": 34, "fields": {"action_time": "2022-05-25T19:09:02.175Z", "user": 1, "content_type": 15, "object_id": "4", "object_repr": "0CF4502C59F74C2D90B54AAA6975826C", "action_flag": 2, "change_message": "[{\"changed\": {\"name\": \"order line item\", \"object\": \"SKU Pom-Pom-Xenia on order 0CF4502C59F74C2D90B54AAA6975826C\", \"fields\": [\"Quantity\"]}}]"}}, {"model": "admin.logentry", "pk": 35, "fields": {"action_time": "2022-05-25T19:09:31.028Z", "user": 1, "content_type": 15, "object_id": "4", "object_repr": "0CF4502C59F74C2D90B54AAA6975826C", "action_flag": 2, "change_message": "[{\"changed\": {\"name\": \"order line item\", \"object\": \"SKU Pom-Pom-Xenia on order 0CF4502C59F74C2D90B54AAA6975826C\", \"fields\": [\"Quantity\"]}}]"}}, {"model": "admin.logentry", "pk": 36, "fields": {"action_time": "2022-05-25T19:11:58.833Z", "user": 1, "content_type": 15, "object_id": "4", "object_repr": "0CF4502C59F74C2D90B54AAA6975826C", "action_flag": 2, "change_message": "[{\"changed\": {\"name\": \"order line item\", \"object\": \"SKU Pom-Pom-Xenia on order 0CF4502C59F74C2D90B54AAA6975826C\", \"fields\": [\"Quantity\"]}}]"}}, {"model": "admin.logentry", "pk": 37, "fields": {"action_time": "2022-05-25T19:54:39.371Z", "user": 1, "content_type": 15, "object_id": "6", "object_repr": "F9FC542F56E643E1BC565706881B3B2F", "action_flag": 2, "change_message": "[{\"changed\": {\"name\": \"order line item\", \"object\": \"SKU bangi-cardinalfish on order F9FC542F56E643E1BC565706881B3B2F\", \"fields\": [\"Quantity\"]}}]"}}, {"model": "admin.logentry", "pk": 38, "fields": {"action_time": "2022-05-25T20:00:02.642Z", "user": 1, "content_type": 15, "object_id": "4", "object_repr": "0CF4502C59F74C2D90B54AAA6975826C", "action_flag": 3, "change_message": ""}}, {"model": "admin.logentry", "pk": 39, "fields": {"action_time": "2022-05-25T20:00:02.644Z", "user": 1, "content_type": 15, "object_id": "3", "object_repr": "72C21E82F4054A81AC0357B614A73A6B", "action_flag": 3, "change_message": ""}}, {"model": "admin.logentry", "pk": 40, "fields": {"action_time": "2022-06-01T18:56:20.017Z", "user": 1, "content_type": 14, "object_id": "21", "object_repr": "test", "action_flag": 3, "change_message": ""}}, {"model": "admin.logentry", "pk": 41, "fields": {"action_time": "2022-06-05T13:07:48.862Z", "user": 1, "content_type": 14, "object_id": "1", "object_repr": "Clown Fish", "action_flag": 2, "change_message": "[{\"changed\": {\"fields\": [\"Description\"]}}]"}}, {"model": "admin.logentry", "pk": 42, "fields": {"action_time": "2022-06-05T13:10:35.066Z", "user": 1, "content_type": 14, "object_id": "1", "object_repr": "Clown Fish", "action_flag": 2, "change_message": "[{\"changed\": {\"fields\": [\"Description\"]}}]"}}, {"model": "admin.logentry", "pk": 43, "fields": {"action_time": "2022-06-05T13:13:46.160Z", "user": 1, "content_type": 14, "object_id": "1", "object_repr": "Clown Fish", "action_flag": 2, "change_message": "[{\"changed\": {\"fields\": [\"Description\"]}}]"}}, {"model": "admin.logentry", "pk": 44, "fields": {"action_time": "2022-06-05T13:14:10.440Z", "user": 1, "content_type": 14, "object_id": "1", "object_repr": "Clown Fish", "action_flag": 2, "change_message": "[{\"changed\": {\"fields\": [\"Description\"]}}]"}}, {"model": "admin.logentry", "pk": 45, "fields": {"action_time": "2022-06-05T13:21:28.091Z", "user": 1, "content_type": 14, "object_id": "1", "object_repr": "Clown Fish", "action_flag": 2, "change_message": "[{\"changed\": {\"fields\": [\"Description\"]}}]"}}, {"model": "admin.logentry", "pk": 46, "fields": {"action_time": "2022-06-05T13:57:52.510Z", "user": 1, "content_type": 14, "object_id": "1", "object_repr": "Clown Fish", "action_flag": 2, "change_message": "[{\"changed\": {\"fields\": [\"Description\"]}}]"}}, {"model": "admin.logentry", "pk": 47, "fields": {"action_time": "2022-06-05T14:00:11.822Z", "user": 1, "content_type": 14, "object_id": "1", "object_repr": "Clown Fish", "action_flag": 2, "change_message": "[{\"changed\": {\"fields\": [\"Description\"]}}]"}}, {"model": "admin.logentry", "pk": 48, "fields": {"action_time": "2022-06-05T14:00:17.186Z", "user": 1, "content_type": 14, "object_id": "1", "object_repr": "Clown Fish", "action_flag": 2, "change_message": "[]"}}, {"model": "admin.logentry", "pk": 49, "fields": {"action_time": "2022-06-05T14:02:00.128Z", "user": 1, "content_type": 14, "object_id": "9", "object_repr": "Orange Cheek Blenny", "action_flag": 2, "change_message": "[{\"changed\": {\"fields\": [\"Description\"]}}]"}}, {"model": "admin.logentry", "pk": 50, "fields": {"action_time": "2022-06-09T18:49:30.954Z", "user": 1, "content_type": 14, "object_id": "3", "object_repr": "Acan Coral", "action_flag": 2, "change_message": "[{\"changed\": {\"fields\": [\"Description\"]}}]"}}, {"model": "admin.logentry", "pk": 51, "fields": {"action_time": "2022-06-09T18:50:32.334Z", "user": 1, "content_type": 14, "object_id": "4", "object_repr": "Clove Coloured", "action_flag": 2, "change_message": "[{\"changed\": {\"fields\": [\"Description\"]}}]"}}, {"model": "auth.user", "pk": 1, "fields": {"password": "pbkdf2_sha256$260000$qVTQbgBXRfFGBgJNTyC9iX$pJw1zVzu7IUORdaJivon5IN6dIQRUyDFWkcJC2iCTRo=", "last_login": "2022-06-11T10:17:53.008Z", "is_superuser": true, "username": "admin", "first_name": "", "last_name": "", "email": "", "is_staff": true, "is_active": true, "date_joined": "2022-05-07T10:36:05.131Z", "groups": [], "user_permissions": []}}, {"model": "auth.user", "pk": 2, "fields": {"password": "pbkdf2_sha256$260000$fo7HhwSMjGYEziSICtL74N$0knfmGbVlAU+fKBQVIt1gy2WHKt/IPVCSZ2rLMYiuOs=", "last_login": "2022-05-28T13:25:25.907Z", "is_superuser": false, "username": "Dperry", "first_name": "", "last_name": "", "email": "test@test.com", "is_staff": false, "is_active": true, "date_joined": "2022-05-28T10:32:39.475Z", "groups": [], "user_permissions": []}}, {"model": "sessions.session", "pk": "3abv31ob0skpxmndp8qgyt8i9zcd7h7s", "fields": {"session_data": ".eJxVjDsOwjAQBe_iGlmO7fhDSc8ZrN31hgSQLcUJDeLuJFIKaN_Mm7dIsC5jWhvPacriLDpx-t0Q6MFlB_kO5VYl1bLME8pdkQdt8lozPy-H-xcYoY3bG3rNGAYyaFm7EJz1QRG7qBAyeXSkrfE6KwO9gZgtBQ-EoFSH0XLcog1enKYyVHFe5pU_X9ykPk4:1ntx0c:5-NIyZYkmrYxXyH-0SGbraeAxlVu8njSRLF3pAy5u3s", "expire_date": "2022-06-08T19:49:30.390Z"}}, {"model": "sessions.session", "pk": "bq1r4lu7nuke8c84cnxu4v48sjfssrba", "fields": {"session_data": ".eJxVjMsOwiAQRf-FtSGUUh4u3fsNZGYYLWrAlDbRGP9dm3Sh23vOPS8RYZnHuDSeYk5iLzqx-90Q6MplBekC5Vwl1TJPGeWqyI02eayJb4fN_QuM0MbvGwbN6E_Uo2FtvbfGeUVsg0JI5NCSNr3TSfUw9BCSIe-AEJTqMBgOa7Rxa7mWyI97np5ir94fnOs_Zw:1nnI9B:i7m-4bveQekRWAtkGJqtJBPLknTKxEIKBCGXZPcMFIc", "expire_date": "2022-05-21T10:58:49.156Z"}}, {"model": "sessions.session", "pk": "cw7tormfe873aajh7l5dq0gfgg1q81uk", "fields": {"session_data": ".eJxVjMEOwiAQBf-Fc0MKpdD26N1vILuwWNSAgdZojP-uTXrQ65t582IW1mW2a6Vio2cTk6z53RDchdIG_BnSKXOX01Ii8k3hO638mD1dD7v7F5ihzt-37gYMavQhqN4oiWNA5ZzoO4HUDc5Ig4pk0K2WagChqAWhJQJi6I1RtEUr1RpzsvS4xfJkU9uwCneyMYXMpqWs9P4A-DZFYg:1nuwRs:Y6059DONX1PQ738TZVI4cz4VfKhjIAOSIT1K8Ncz_HQ", "expire_date": "2022-06-11T13:25:44.554Z"}}, {"model": "sessions.session", "pk": "fq4c2ehxze7hafc4ooi86cssrs6v4rhq", "fields": {"session_data": "e30:1nzyZy:87zvfZKw3S6iQ4hu2BCnQouyGPaEj37a-0CoBT088mo", "expire_date": "2022-06-25T10:42:54.631Z"}}, {"model": "sessions.session", "pk": "kq5meo46b6v9evitiv78pknroyyupy51", "fields": {"session_data": "eyJiYWciOnsiMSI6MX19:1nttkv:XFc-e4TMu60uyfRbAggHzXpj4WB4ve9YbFfJz64KDho", "expire_date": "2022-06-08T16:21:05.149Z"}}, {"model": "sessions.session", "pk": "mq72r9vxkffzyv7wghswcda51obl28n7", "fields": {"session_data": "eyJzYXZlX2luZm8iOmZhbHNlfQ:1nuwNO:RHDjAiqzKvzc9tnJ5AWBLHx_n7c2GF1fVfPWnWyVNFg", "expire_date": "2022-06-11T13:21:06.315Z"}}, {"model": "sessions.session", "pk": "u0y5dkijwby51njdd5d6rzi6kvdgl6dk", "fields": {"session_data": "eyJiYWciOnsiMSI6MSwiNCI6MX19:1nrQJf:H87Fm4vNVM6gwkk7SLYPoUAaMEoIbmi8wMJ_DVCT0Ws", "expire_date": "2022-06-01T20:30:43.803Z"}}, {"model": "sites.site", "pk": 1, "fields": {"domain": "reefgardens.example.com", "name": "Reef Gardens"}}, {"model": "account.emailaddress", "pk": 1, "fields": {"user": 1, "email": "admin@someone.com", "verified": true, "primary": true}}, {"model": "account.emailaddress", "pk": 2, "fields": {"user": 2, "email": "test@test.com", "verified": true, "primary": true}}, {"model": "products.category", "pk": 1, "fields": {"name": "Fish", "friendly_name": "Fish"}}, {"model": "products.category", "pk": 2, "fields": {"name": "Coral", "friendly_name": "Coral"}}, {"model": "products.product", "pk": 1, "fields": {"category": 1, "sku": "clown-fish", "name": "Clown Fish", "description": "Common Name : Clown FIsh\r\nLatin Name: Amphiprion Ocellaris\r\nTank Size: 50 Lt.\r\nCare Level:Easy\r\nWater Conditions: PH:8.1-8.4, Sg:1.020-1.02\r\nReef Compatible:Yes\r\nColor Form: Orange and white\r\nTemperament:Peaceful\r\nMax Size:8cm", "price": "25.00", "rating": "5.00", "image_url": null, "image": "Clown_Fish.jpg"}}, {"model": "products.product", "pk": 2, "fields": {"category": 1, "sku": "bangi-cardinalfish", "name": "Bangi Cardinalfish", "description": "Common Name : Bangi Cardinalfish\r\nTank Size: 050 Lt.\r\nCare Level:Easy\r\nWater Conditions:Fish:PH:8.1-8.4, Sg:1.020-1.02\r\nReef Compatible:Yes\r\nColor Form: Black, silver\r\nTemperament:Semi-Aggressive\r\nMax Size:8 cm\r\nDiet:Carnivore", "price": "30.00", "rating": "5.00", "image_url": null, "image": "Bangi_Cardinalfish.jpg"}}, {"model": "products.product", "pk": 3, "fields": {"category": 2, "sku": "Acan-Coral", "name": "Acan Coral", "description": "Common Name :Acan\r\nLatin Name:Acanthastrea lordhowensis\r\nCare Level:Easy\r\nWater Conditions:dKH 8-12, pH 8.1-8.4, sg 1.023\r\nColor Form:Assorted\r\nTemperament:Semi-aggressive\r\nMax Size:100cm\r\nFamily:Mussidae\r\nWaterConditions:dKH 8-12, pH 8.1-8.4, sg 1.023\r\nDiet:Zooplankton\r\nLighting:Moderate\r\nWaterFlow:Low\r\nPlacement:Bottom\r\nSupplements:Calcium, Magnesium, Alkinity, Trace Element", "price": "245.00", "rating": null, "image_url": null, "image": "Acan_Coral.jpg"}}, {"model": "products.product", "pk": 4, "fields": {"category": 2, "sku": "Clove-Coloured", "name": "Clove Coloured", "description": "Common Name :Clavularia Clove Polyps, Eight\r\nLatin Name:Clavularia sp.\r\nTank Size050 Lt.\r\nCare Level:Easy\r\nWater Conditions:Fish:PH:8.1-8.4, Sg:1.020-1.02\r\nReef Compatible:Yes\r\nColor Form:Green, Tan, White\r\nGeographic Region:Indo Pacific\r\nTemperament:Semi-Aggressive\r\nMax Size:35 cm\r\nFamily:Clavulariidae\r\nWaterConditions:Fish:PH:8.1-8.4, Sg:1.020-1.02\r\nLighting:Moderate\r\nWaterFlow:C. Moderate\r\nPlacement:Middle", "price": "45.00", "rating": null, "image_url": null, "image": "Clove_Coloured.jpg"}}, {"model": "products.product", "pk": 5, "fields": {"category": 1, "sku": "Blue-Green-Chromis", "name": "Blue Green Chromis", "description": "Common Name :Green Chromis\r\nLatin Name:Chromis Viridis\r\nTank Size050 Lt.\r\nCare Level:Easy\r\nWater Conditions:Fish:PH:8.1-8.4, Sg:1.020-1.02\r\nReef Compatible:Yes\r\nColor Form:Blue, Green\r\nGeographic Region:Indo Pacific\r\nTemperament:Peaceful\r\nMax Size:8 cm\r\nFamily:Pomacentridae\r\nWaterConditions:Fish:PH:8.1-8.4, Sg:1.020-1.02\r\nDiet:Omnivore", "price": "15.00", "rating": null, "image_url": null, "image": "Blue-Green_Chromis.jpg"}}, {"model": "products.product", "pk": 6, "fields": {"category": 1, "sku": "Coral-Beauty", "name": "Coral Beauty", "description": "Common Name :Twospined or Dusky Angelfish\r\nLatin Name:Centropyge Bispinosus\r\nTank Size100 Lt.\r\nCare Level:Moderate\r\nWater Conditions:Fish:PH:8.1-8.4, Sg:1.020-1.02\r\nReef Compatible:Yes\r\nColor Form:Blue, Orange, Yellow\r\nGeographic Region:Fiji, Indo-Pacific, Vanuatu\r\nTemperament:Semi-Aggressive\r\nMax Size:7cm\r\nFamily:Pomacanthidae\r\nWaterConditions:Fish:PH:8.1-8.4, Sg:1.020-1.02\r\nDiet:Omnivore", "price": "65.00", "rating": null, "image_url": null, "image": "1.jpg"}}, {"model": "products.product", "pk": 7, "fields": {"category": 1, "sku": "fire-fish", "name": "firefish", "description": "Common Name :Firefish Goby, Fire Goby, Fire\r\nLatin Name:Nemateleotris Magnifica\r\nTank Size050 Lt.\r\nCare Level:Easy\r\nWater Conditions:Fish:PH:8.1-8.4, Sg:1.020-1.02\r\nReef Compatible:Yes\r\nColor Form:Red, White\r\nGeographic Region:Indo Pacific\r\nTemperament:Peaceful\r\nMax Size:7cm\r\nFamily:Gobiidae\r\nWaterConditions:Fish:PH:8.1-8.4, Sg:1.020-1.02\r\nDiet:Carnivore", "price": "45.00", "rating": null, "image_url": null, "image": "firefish_YExg74K.jpg"}}, {"model": "products.product", "pk": 8, "fields": {"category": 1, "sku": "Foxface-fish", "name": "Foxface fish", "description": "Common Name :Foxface Rabbitfish\r\nLatin Name:Siganus vulpinus\r\nTank Size200 Lt.\r\nCare Level:Easy\r\nWater Conditions:Fish:PH:8.1-8.4, Sg:1.020-1.02\r\nReef Compatible:Yes with caution\r\nColor Form:Yellow, Black\r\nGeographic Region:Indo Pacific\r\nTemperament:Peaceful\r\nMax Size:28 cm\r\nFamily:Siganidae\r\nWaterConditions:Fish:PH:8.1-8.4, Sg:1.020-1.02\r\nDiet:Herbivore", "price": "65.00", "rating": null, "image_url": null, "image": "Foxface_fish.jpg"}}, {"model": "products.product", "pk": 9, "fields": {"category": 1, "sku": "Orange-Cheek-Blenny", "name": "Orange Cheek Blenny", "description": "Common Name : Orange Cheek Blenny\r\nTank Size: 50 Lt.\r\nCare Level:Easy\r\nWater Conditions: PH:8.1-8.4, Sg:1.020-1.02\r\nReef Compatible:Yes\r\nColor Form: Orange\r\nTemperament:Peaceful\r\nMax Size:8cm", "price": "45.00", "rating": null, "image_url": null, "image": "Orange_Cheek_Blenny.jpg"}}, {"model": "products.product", "pk": 10, "fields": {"category": 1, "sku": "Powder-blue-tang", "name": "Powder blue tang", "description": "Common Name :Powder Blue Surgeonfish\r\nLatin Name:Acanthurus leocosternon\r\nTank Size300 Lt.\r\nCare Level:Moderate\r\nWater Conditions:Fish:PH:8.1-8.4, Sg:1.020-1.02\r\nReef Compatible:Yes\r\nColor Form:Blue, Yellow\r\nGeographic Region:Indo Pacific, Sri Lanka\r\nTemperament:Semi-Aggressive\r\nMax Size:18cm\r\nFamily:Acanthuridae\r\nWaterConditions:Fish:PH:8.1-8.4, Sg:1.020-1.02\r\nDiet:Herbivore", "price": "65.00", "rating": null, "image_url": null, "image": "Powder_blue_tang.jpg"}}, {"model": "products.product", "pk": 11, "fields": {"category": 1, "sku": "Purple-Tang", "name": "Purple Tang", "description": "Common Name :Yellowtail Sailfin Tang, Yello\r\nLatin Name:Zebrasoma xanthurus\r\nTank Size400 Lt.\r\nCare Level:Moderate\r\nWater Conditions:Fish:PH:8.1-8.4, Sg:1.020-1.02\r\nReef Compatible:Yes\r\nColor Form:Purple, Yellow, Blue\r\nGeographic Region:Red Sea\r\nTemperament:Aggressive\r\nMax Size:20cm\r\nFamily:Acanthuridae\r\nWaterConditions:Fish:PH:8.1-8.4, Sg:1.020-1.02\r\nDiet:Herbivore", "price": "200.00", "rating": null, "image_url": null, "image": "Purple_Tang.jpg"}}, {"model": "products.product", "pk": 12, "fields": {"category": 1, "sku": "Royal-Gramma", "name": "Royal Gramma", "description": "Common Name :Fairy Basslet\r\nLatin Name:Gramma loreto\r\nTank Size050 Lt.\r\nCare Level:Easy\r\nWater Conditions:Fish:PH:8.1-8.4, Sg:1.020-1.02\r\nReef Compatible:Yes\r\nColor Form:Purple, Yellow\r\nGeographic Region:Caribbean, Florida\r\nTemperament:Semi-Aggressive\r\nMax Size:7 cm\r\nFamily:Grammidae\r\nWaterConditions:Fish:PH:8.1-8.4, Sg:1.020-1.02\r\nDiet:Carnivore", "price": "50.00", "rating": null, "image_url": null, "image": "Royal_Gramma.jpg"}}, {"model": "products.product", "pk": 13, "fields": {"category": 2, "sku": "Birdsnest-Coral", "name": "Birdsnest Coral", "description": "Common Name :Needle, Finger, or Brush Coral\r\nLatin Name:Seriatopora hystrix\r\nTank Size200 Lt.\r\nCare Level:Difficult\r\nWater Conditions:Fish:PH:8.1-8.4, Sg:1.020-1.02\r\nReef Compatible:Yes\r\nColor Form:Pink\r\nGeographic Region:Indo Pacific\r\nTemperament:Peaceful\r\nMax Size:55 cm\r\nFamily:Pocilloporidae\r\nWaterConditions:Fish:PH:8.1-8.4, Sg:1.020-1.02\r\nLighting:Strong\r\nWaterFlow:D. Moderate-Strong\r\nPlacement:High", "price": "85.00", "rating": null, "image_url": null, "image": "Birdsnest_Coral.jpg"}}, {"model": "products.product", "pk": 14, "fields": {"category": 2, "sku": "Chilli-Coral", "name": "Chilli Coral", "description": "Common Name :Flame Coral\r\nLatin Name:Nephthyigorgia sp\r\nTank Size050 Lt.\r\nCare Level:Moderate\r\nWater Conditions:Fish:PH:8.1-8.4, Sg:1.020-1.02\r\nReef Compatible:Yes\r\nColor Form:Red\r\nGeographic Region:Indo Pacific\r\nTemperament:Peaceful\r\nMax Size:15 cm\r\nFamily:Nephtheidae\r\nWaterConditions:Fish:PH:8.1-8.4, Sg:1.020-1.02\r\nLighting:Low\r\nWaterFlow:C. Moderate\r\nPlacement:Bottom", "price": "155.00", "rating": null, "image_url": null, "image": "Chilli_Coral.jpg"}}, {"model": "products.product", "pk": 15, "fields": {"category": 2, "sku": "Lace-Coral", "name": "Lace Coral", "description": "Common Name :Bird's Nest, Lace, Cluster, or\r\nLatin Name:Pocillopora damicornis\r\nTank Size100 Lt.\r\nCare Level:Moderate\r\nWater Conditions:Fish:PH:8.1-8.4, Sg:1.020-1.02\r\nReef Compatible:Yes\r\nColor Form:Green, Red, Purple\r\nGeographic Region:Indo Pacific\r\nTemperament:Semi-Aggressive\r\nMax Size:25 cm\r\nFamily:Pocilloporidae\r\nWaterConditions:Fish:PH:8.1-8.4, Sg:1.020-1.02\r\nLighting:Strong\r\nWaterFlow:E. Strong\r\nPlacement:High", "price": "85.00", "rating": null, "image_url": null, "image": "Lace_Coral.jpg"}}, {"model": "products.product", "pk": 16, "fields": {"category": 2, "sku": "Montipora-Coral-Plating", "name": "Montipora Coral Plating", "description": "Common Name :Vase Coral\r\nLatin Name:Montipora foliosa\r\nTank Size100 Lt.\r\nCare Level:Moderate\r\nWater Conditions:Fish:PH:8.1-8.4, Sg:1.020-1.02\r\nReef Compatible:Yes\r\nColor Form:Green, Orange, Purple, Red\r\nGeographic Region:Indo Pacific, Australia, Fiji\r\nTemperament:Peaceful\r\nMax Size:60 cm\r\nFamily:Acropoidae\r\nWaterConditions:Fish:PH:8.1-8.4, Sg:1.020-1.02\r\nLighting:Moderate\r\nWaterFlow:C. Moderate\r\nPlacement:Middle", "price": "35.00", "rating": null, "image_url": null, "image": "Montipora_Coral_Plating.jpg"}}, {"model": "products.product", "pk": 17, "fields": {"category": 2, "sku": "Sun-Coral", "name": "Sun Coral", "description": "Common Name :Orange Tube Coral, Orange Cup\r\nLatin Name:Tubastrea aurea\r\nTank Size050 Lt.\r\nCare Level:Moderate\r\nWater Conditions:Other: PH:8.1-8.4, Sg:1.023-1.\r\nReef Compatible:Yes\r\nColor Form:Orange, Yellow, Black\r\nGeographic Region:Indo Pacific\r\nTemperament:Peaceful\r\nMax Size:25 cm\r\nFamily:Dendrophylliidae\r\nWaterConditions:Other: PH:8.1-8.4, Sg:1.023-1.\r\nLighting:Low\r\nWaterFlow:D. Moderate-Strong\r\nPlacement:Bottom", "price": "85.00", "rating": null, "image_url": null, "image": "Sun_Coral.jpg"}}, {"model": "products.product", "pk": 18, "fields": {"category": 2, "sku": "Yellow-Polyps", "name": "Yellow Polyps", "description": "Common Name :Encrusting Polyps\r\nLatin Name:Parazoanthus gracilis\r\nTank Size050 Lt.\r\nCare Level:Easy\r\nWater Conditions:Fish:PH:8.1-8.4, Sg:1.020-1.02\r\nReef Compatible:Yes\r\nColor Form:Yellow, Tan\r\nGeographic Region:Indo Pacific\r\nTemperament:Semi-Aggressive\r\nMax Size:20 cm\r\nFamily:Parazoanthidae\r\nWaterConditions:Fish:PH:8.1-8.4, Sg:1.020-1.02\r\nLighting:Moderate\r\nWaterFlow:C. Moderate\r\nPlacement:Middle", "price": "45.00", "rating": null, "image_url": null, "image": "Yellow_Polyps.jpg"}}, {"model": "products.product", "pk": 19, "fields": {"category": 2, "sku": "Zoanthus-Coloured", "name": "Zoanthus Coloured", "description": "Common Name :Zoo's, Sea Mats, or Button Pol\r\nLatin Name:Zoanthus sp.\r\nTank Size050 Lt.\r\nCare Level:Easy\r\nWater Conditions:Fish:PH:8.1-8.4, Sg:1.020-1.02\r\nReef Compatible:Yes\r\nColor Form:Orange, Red, Yellow, Blue\r\nGeographic Region:Indonesia, Hong Kong\r\nTemperament:Semi-Aggressive\r\nMax Size:1 meter\r\nFamily:Zoanthidae\r\nWaterConditions:Fish:PH:8.1-8.4, Sg:1.020-1.02\r\nLighting:Moderate\r\nWaterFlow:C. Moderate\r\nPlacement:Middle", "price": "55.00", "rating": null, "image_url": null, "image": "Zoanthus_Coloured.jpg"}}, {"model": "products.product", "pk": 20, "fields": {"category": 2, "sku": "Pom-Pom-Xenia", "name": "Pom Pom Xenia", "description": "Common Name :Pulse Coral, or Waving Hand Co\r\nLatin Name:Xenia sp.\r\nTank Size050 Lt.\r\nCare Level:Moderate\r\nWater Conditions:Fish:PH:8.1-8.4, Sg:1.020-1.02\r\nReef Compatible:Yes\r\nColor Form:White, Tan\r\nGeographic Region:Indo Pacific, Red Sea\r\nTemperament:Peaceful\r\nMax Size:30 cm\r\nFamily:Xeniidae\r\nWaterConditions:Fish:PH:8.1-8.4, Sg:1.020-1.02\r\nLighting:Moderate\r\nWaterFlow:C. Moderate\r\nPlacement:Middle", "price": "85.00", "rating": null, "image_url": null, "image": "Pom_Pom_Xenia.jpg"}}, {"model": "checkout.order", "pk": 5, "fields": {"order_number": "474C95317ACB4855B02C20049D244862", "user_profile": null, "full_name": "Tutor Test", "email": "tutor@test.com", "phone_number": "123456789", "country": "IE", "postcode": "123456", "town_or_city": "tutor city", "street_address1": "tutor street", "street_address2": "tutor street 2", "county": "Dublin", "date": "2022-05-25T19:49:30.334Z", "delivery_cost": "1.50", "order_total": "15.00", "grand_total": "16.50", "original_bag": "", "stripe_pid": ""}}, {"model": "checkout.order", "pk": 6, "fields": {"order_number": "F9FC542F56E643E1BC565706881B3B2F", "user_profile": null, "full_name": "test", "email": "test@test.com", "phone_number": "123456789", "country": "US", "postcode": "123456", "town_or_city": "anywhere", "street_address1": "anywhere", "street_address2": "anywhere", "county": "anywhere", "date": "2022-05-25T19:52:41.717Z", "delivery_cost": "0.00", "order_total": "90.00", "grand_total": "90.00", "original_bag": "", "stripe_pid": ""}}, {"model": "checkout.order", "pk": 7, "fields": {"order_number": "CDF85DCAFE664D00A4BF08F867820DAF", "user_profile": null, "full_name": "Test", "email": "test@test.com", "phone_number": "123456789", "country": "US", "postcode": "123456", "town_or_city": "anywhere", "street_address1": "anywhere", "street_address2": "anywhere", "county": "anywhere", "date": "2022-05-26T18:28:01.164Z", "delivery_cost": "0.00", "order_total": "70.00", "grand_total": "70.00", "original_bag": "", "stripe_pid": ""}}, {"model": "checkout.order", "pk": 8, "fields": {"order_number": "64BF9AD9F2864991A1B510CAA33190E9", "user_profile": null, "full_name": "test", "email": "test@test.com", "phone_number": "123456789", "country": "US", "postcode": "12345", "town_or_city": "anywhere", "street_address1": "anywhere", "street_address2": "anywhere", "county": "anywhere", "date": "2022-05-26T18:34:49.862Z", "delivery_cost": "0.00", "order_total": "135.00", "grand_total": "135.00", "original_bag": "", "stripe_pid": ""}}, {"model": "checkout.order", "pk": 9, "fields": {"order_number": "9B1413426C5144BDB7D7C436BA89412B", "user_profile": null, "full_name": "test", "email": "test@test.com", "phone_number": "1234567896", "country": "US", "postcode": "12345", "town_or_city": "anywhere", "street_address1": "anywhere", "street_address2": "anywhere", "county": "anywhere", "date": "2022-05-26T18:36:53.418Z", "delivery_cost": "2.50", "order_total": "25.00", "grand_total": "27.50", "original_bag": "", "stripe_pid": ""}}, {"model": "checkout.order", "pk": 10, "fields": {"order_number": "4D106FC89B2D4C80B0933D314D42F4D3", "user_profile": null, "full_name": "test", "email": "test@test.com", "phone_number": "123456789", "country": "US", "postcode": "12345", "town_or_city": "anywhere", "street_address1": "anywhere", "street_address2": "anywhere", "county": "anywhere", "date": "2022-05-26T18:38:31.468Z", "delivery_cost": "0.00", "order_total": "85.00", "grand_total": "85.00", "original_bag": "", "stripe_pid": ""}}, {"model": "checkout.order", "pk": 11, "fields": {"order_number": "87950D2CC6B4430A9F7EBC69521E5F31", "user_profile": null, "full_name": "test", "email": "test@test.com", "phone_number": "123456789", "country": "US", "postcode": "12345", "town_or_city": "anywhere", "street_address1": "anywhere", "street_address2": "anywhere", "county": "anywhere", "date": "2022-05-26T18:39:27.769Z", "delivery_cost": "2.50", "order_total": "25.00", "grand_total": "27.50", "original_bag": "", "stripe_pid": ""}}, {"model": "checkout.order", "pk": 12, "fields": {"order_number": "9BEF26A0581D42709737ED0C23E12CBC", "user_profile": null, "full_name": "test", "email": "test@test.com", "phone_number": "1234567489", "country": "US", "postcode": "123445", "town_or_city": "anywhere", "street_address1": "anywhere", "street_address2": "anywhere", "county": "anywhere", "date": "2022-05-26T18:44:50.397Z", "delivery_cost": "0.00", "order_total": "55.00", "grand_total": "55.00", "original_bag": "", "stripe_pid": ""}}, {"model": "checkout.order", "pk": 13, "fields": {"order_number": "B03AE76A9BD74169AA18B7C7B3981A35", "user_profile": null, "full_name": "test", "email": "test@test.com", "phone_number": "123456789", "country": "US", "postcode": "12345", "town_or_city": "anywhere", "street_address1": "anywhere", "street_address2": "anywhere", "county": "anywhere", "date": "2022-05-26T19:59:31.532Z", "delivery_cost": "3.00", "order_total": "30.00", "grand_total": "33.00", "original_bag": "", "stripe_pid": ""}}, {"model": "checkout.order", "pk": 14, "fields": {"order_number": "C48ECAE9C55E4CDEBFB42E55BB038E79", "user_profile": 2, "full_name": "test", "email": "test@test.com", "phone_number": "1234567489", "country": "IE", "postcode": "anywhere", "town_or_city": "anywhere", "street_address1": "1234", "street_address2": "Street", "county": "anywhere", "date": "2022-05-28T11:39:09.780Z", "delivery_cost": "2.50", "order_total": "25.00", "grand_total": "27.50", "original_bag": "{\"1\": 1}", "stripe_pid": "pi_3L4NyMBwHvD4h0Jj09yc1IPq"}}, {"model": "checkout.order", "pk": 15, "fields": {"order_number": "BF85912DAD8A44EC925F29636FAAD093", "user_profile": 2, "full_name": "Testing email confirmation", "email": "test@test.com", "phone_number": "1234567489", "country": "IE", "postcode": "anywhere", "town_or_city": "anywhere", "street_address1": "1234", "street_address2": "Street", "county": "anywhere", "date": "2022-05-28T11:56:39.590Z", "delivery_cost": "0.00", "order_total": "245.00", "grand_total": "245.00", "original_bag": "{\"3\": 1}", "stripe_pid": "pi_3L4OFmBwHvD4h0Jj0BoEoEtb"}}, {"model": "checkout.order", "pk": 16, "fields": {"order_number": "A324CEFA724D40B7B1C3961360BE4DEE", "user_profile": 2, "full_name": "Testing email confirmation", "email": "test@test.com", "phone_number": "1234567489", "country": "IE", "postcode": "anywhere", "town_or_city": "anywhere", "street_address1": "1234", "street_address2": "Street", "county": "anywhere", "date": "2022-05-28T12:03:59.623Z", "delivery_cost": "0.00", "order_total": "65.00", "grand_total": "65.00", "original_bag": "{\"6\": 1}", "stripe_pid": "pi_3L4OMvBwHvD4h0Jj0UMH1JJ0"}}, {"model": "checkout.order", "pk": 17, "fields": {"order_number": "843200CB86D948C4A8413E65D5AA0914", "user_profile": 2, "full_name": "Testing email confirmation", "email": "test@test.com", "phone_number": "1234567489", "country": "IE", "postcode": "anywhere", "town_or_city": "anywhere", "street_address1": "1234", "street_address2": "Street", "county": "anywhere", "date": "2022-05-28T12:33:43.632Z", "delivery_cost": "2.50", "order_total": "25.00", "grand_total": "27.50", "original_bag": "{\"1\": 1}", "stripe_pid": "pi_3L4OpgBwHvD4h0Jj0FtjHwqj"}}, {"model": "checkout.order", "pk": 18, "fields": {"order_number": "7371172AB9A94962BED288DF27C8DCB6", "user_profile": 2, "full_name": "Testing email confirmation", "email": "test@test.com", "phone_number": "1234567489", "country": "IE", "postcode": "anywhere", "town_or_city": "anywhere", "street_address1": "1234", "street_address2": "Street", "county": "anywhere", "date": "2022-05-28T12:40:19.979Z", "delivery_cost": "4.50", "order_total": "45.00", "grand_total": "49.50", "original_bag": "{\"4\": 1}", "stripe_pid": "pi_3L4OvpBwHvD4h0Jj1okEiQpM"}}, {"model": "checkout.order", "pk": 19, "fields": {"order_number": "6491ECA124994DB69D192AC52D105588", "user_profile": 2, "full_name": "Testing email confirmation", "email": "test@test.com", "phone_number": "1234567489", "country": "IE", "postcode": "anywhere", "town_or_city": "anywhere", "street_address1": "1234", "street_address2": "Street", "county": "anywhere", "date": "2022-05-28T12:41:45.072Z", "delivery_cost": "4.50", "order_total": "45.00", "grand_total": "49.50", "original_bag": "{\"7\": 1}", "stripe_pid": "pi_3L4OxSBwHvD4h0Jj1mt7B2kQ"}}, {"model": "checkout.order", "pk": 20, "fields": {"order_number": "883580A981164AC89576664C6B39B5BA", "user_profile": 2, "full_name": "Testing email confirmation", "email": "test@test.com", "phone_number": "1234567489", "country": "IE", "postcode": "anywhere", "town_or_city": "anywhere", "street_address1": "1234", "street_address2": "Street", "county": "anywhere", "date": "2022-05-28T12:52:12.729Z", "delivery_cost": "3.00", "order_total": "30.00", "grand_total": "33.00", "original_bag": "{\"2\": 1}", "stripe_pid": "pi_3L4P7cBwHvD4h0Jj0wYHWuBX"}}, {"model": "checkout.order", "pk": 21, "fields": {"order_number": "0CBEE85047D84E0B90E8AFDD7E1BED98", "user_profile": 2, "full_name": "Testing email confirmation", "email": "test@test.com", "phone_number": "1234567489", "country": "IE", "postcode": "anywhere", "town_or_city": "anywhere", "street_address1": "1234", "street_address2": "Street", "county": "anywhere", "date": "2022-05-28T12:54:36.442Z", "delivery_cost": "0.00", "order_total": "85.00", "grand_total": "85.00", "original_bag": "{\"13\": 1}", "stripe_pid": "pi_3L4P9vBwHvD4h0Jj14cuqIj7"}}, {"model": "checkout.order", "pk": 22, "fields": {"order_number": "65245A2E55024D649C8A7F8B76AE772D", "user_profile": 2, "full_name": "Testing email confirmation", "email": "test@test.com", "phone_number": "1234567489", "country": "IE", "postcode": "anywhere", "town_or_city": "anywhere", "street_address1": "1234", "street_address2": "Street", "county": "anywhere", "date": "2022-05-28T12:55:56.411Z", "delivery_cost": "2.50", "order_total": "25.00", "grand_total": "27.50", "original_bag": "{\"1\": 1}", "stripe_pid": "pi_3L4PBDBwHvD4h0Jj0axo6fZ0"}}, {"model": "checkout.order", "pk": 23, "fields": {"order_number": "9105810209A14650AB85412700B117C3", "user_profile": null, "full_name": "test", "email": "test@email.com", "phone_number": "test", "country": "AI", "postcode": null, "town_or_city": "test", "street_address1": "test", "street_address2": null, "county": null, "date": "2022-05-28T13:21:06.249Z", "delivery_cost": "4.50", "order_total": "45.00", "grand_total": "49.50", "original_bag": "{\"4\": 1}", "stripe_pid": "pi_3L4PZJBwHvD4h0Jj0aODfUMB"}}, {"model": "checkout.order", "pk": 24, "fields": {"order_number": "4FB01DAE7D1446D2A1F1E27952CFDE78", "user_profile": 2, "full_name": "Testing email confirmation", "email": "test@test.com", "phone_number": "1234567489", "country": "IE", "postcode": "anywhere", "town_or_city": "anywhere", "street_address1": "1234", "street_address2": "Street", "county": "anywhere", "date": "2022-05-28T13:25:44.469Z", "delivery_cost": "0.00", "order_total": "245.00", "grand_total": "245.00", "original_bag": "{\"3\": 1}", "stripe_pid": "pi_3L4Pe1BwHvD4h0Jj0DfbQTln"}}, {"model": "checkout.orderlineitem", "pk": 7, "fields": {"order": 5, "product": 5, "quantity": 1, "lineitem_total": "15.00"}}, {"model": "checkout.orderlineitem", "pk": 8, "fields": {"order": 6, "product": 2, "quantity": 3, "lineitem_total": "90.00"}}, {"model": "checkout.orderlineitem", "pk": 9, "fields": {"order": 7, "product": 7, "quantity": 1, "lineitem_total": "45.00"}}, {"model": "checkout.orderlineitem", "pk": 10, "fields": {"order": 7, "product": 1, "quantity": 1, "lineitem_total": "25.00"}}, {"model": "checkout.orderlineitem", "pk": 11, "fields": {"order": 8, "product": 1, "quantity": 1, "lineitem_total": "25.00"}}, {"model": "checkout.orderlineitem", "pk": 12, "fields": {"order": 8, "product": 7, "quantity": 1, "lineitem_total": "45.00"}}, {"model": "checkout.orderlineitem", "pk": 13, "fields": {"order": 8, "product": 10, "quantity": 1, "lineitem_total": "65.00"}}, {"model": "checkout.orderlineitem", "pk": 14, "fields": {"order": 9, "product": 1, "quantity": 1, "lineitem_total": "25.00"}}, {"model": "checkout.orderlineitem", "pk": 15, "fields": {"order": 10, "product": 20, "quantity": 1, "lineitem_total": "85.00"}}, {"model": "checkout.orderlineitem", "pk": 16, "fields": {"order": 11, "product": 1, "quantity": 1, "lineitem_total": "25.00"}}, {"model": "checkout.orderlineitem", "pk": 17, "fields": {"order": 12, "product": 19, "quantity": 1, "lineitem_total": "55.00"}}, {"model": "checkout.orderlineitem", "pk": 18, "fields": {"order": 13, "product": 2, "quantity": 1, "lineitem_total": "30.00"}}, {"model": "checkout.orderlineitem", "pk": 19, "fields": {"order": 14, "product": 1, "quantity": 1, "lineitem_total": "25.00"}}, {"model": "checkout.orderlineitem", "pk": 20, "fields": {"order": 15, "product": 3, "quantity": 1, "lineitem_total": "245.00"}}, {"model": "checkout.orderlineitem", "pk": 21, "fields": {"order": 16, "product": 6, "quantity": 1, "lineitem_total": "65.00"}}, {"model": "checkout.orderlineitem", "pk": 22, "fields": {"order": 17, "product": 1, "quantity": 1, "lineitem_total": "25.00"}}, {"model": "checkout.orderlineitem", "pk": 23, "fields": {"order": 18, "product": 4, "quantity": 1, "lineitem_total": "45.00"}}, {"model": "checkout.orderlineitem", "pk": 24, "fields": {"order": 19, "product": 7, "quantity": 1, "lineitem_total": "45.00"}}, {"model": "checkout.orderlineitem", "pk": 25, "fields": {"order": 20, "product": 2, "quantity": 1, "lineitem_total": "30.00"}}, {"model": "checkout.orderlineitem", "pk": 26, "fields": {"order": 21, "product": 13, "quantity": 1, "lineitem_total": "85.00"}}, {"model": "checkout.orderlineitem", "pk": 27, "fields": {"order": 22, "product": 1, "quantity": 1, "lineitem_total": "25.00"}}, {"model": "checkout.orderlineitem", "pk": 28, "fields": {"order": 23, "product": 4, "quantity": 1, "lineitem_total": "45.00"}}, {"model": "checkout.orderlineitem", "pk": 29, "fields": {"order": 24, "product": 3, "quantity": 1, "lineitem_total": "245.00"}}, {"model": "profiles.userprofile", "pk": 1, "fields": {"user": 1, "default_phone_number": null, "default_street_address1": null, "default_street_address2": null, "default_town_or_city": null, "default_county": null, "default_postcode": null, "default_country": null}}, {"model": "profiles.userprofile", "pk": 2, "fields": {"user": 2, "default_phone_number": "1234567489", "default_street_address1": "1234", "default_street_address2": "Street", "default_town_or_city": "anywhere", "default_county": "anywhere", "default_postcode": "anywhere", "default_country": "IE"}}]